;Not sorted array;;BubbleSort;;SelectionSort;;InsertSort;;ShellSort;;QuickSort
Time of Sorting(s);;;0.0130000000;;0.0050000000;;0.0040000000;;0.0000000000;;0.0000000000
;41;;3;;3;;3;;3;;3
;8467;;8;;8;;8;;8;;8
;6334;;21;;21;;21;;21;;21
;6500;;24;;24;;24;;24;;24
;9169;;28;;28;;28;;28;;28
;5724;;28;;28;;28;;28;;28
;1478;;37;;37;;37;;37;;37
;9358;;40;;40;;40;;40;;40
;6962;;40;;40;;40;;40;;40
;4464;;41;;41;;41;;41;;41
;5705;;53;;53;;53;;53;;53
;8145;;53;;53;;53;;53;;53
;3281;;55;;55;;55;;55;;55
;6827;;58;;58;;58;;58;;58
;9961;;67;;67;;67;;67;;67
;491;;72;;72;;72;;72;;72
;2995;;75;;75;;75;;75;;75
;1942;;80;;80;;80;;80;;80
;4827;;93;;93;;93;;93;;93
;5436;;106;;106;;106;;106;;106
;2391;;112;;112;;112;;112;;112
;4604;;116;;116;;116;;116;;116
;3902;;123;;123;;123;;123;;123
;153;;140;;140;;140;;140;;140
;292;;142;;142;;142;;142;;142
;2382;;142;;142;;142;;142;;142
;7421;;145;;145;;145;;145;;145
;8716;;148;;148;;148;;148;;148
;9718;;153;;153;;153;;153;;153
;9895;;159;;159;;159;;159;;159
;5447;;175;;175;;175;;175;;175
;1726;;176;;176;;176;;176;;176
;4771;;188;;188;;188;;188;;188
;1538;;191;;191;;191;;191;;191
;1869;;193;;193;;193;;193;;193
;9912;;195;;195;;195;;195;;195
;5667;;202;;202;;202;;202;;202
;6299;;212;;212;;212;;212;;212
;7035;;215;;215;;215;;215;;215
;9894;;222;;222;;222;;222;;222
;8703;;227;;227;;227;;227;;227
;3811;;235;;235;;235;;235;;235
;1322;;259;;259;;259;;259;;259
;333;;285;;285;;285;;285;;285
;7673;;288;;288;;288;;288;;288
;4664;;291;;291;;291;;291;;291
;5141;;292;;292;;292;;292;;292
;7711;;300;;300;;300;;300;;300
;8253;;303;;303;;303;;303;;303
;6868;;303;;303;;303;;303;;303
;5547;;315;;315;;315;;315;;315
;7644;;322;;322;;322;;322;;322
;2662;;326;;326;;326;;326;;326
;2757;;328;;328;;328;;328;;328
;37;;333;;333;;333;;333;;333
;2859;;335;;335;;335;;335;;335
;8723;;353;;353;;353;;353;;353
;9741;;355;;355;;355;;355;;355
;7529;;383;;383;;383;;383;;383
;778;;416;;416;;416;;416;;416
;2316;;424;;424;;424;;424;;424
;3035;;426;;426;;426;;426;;426
;2190;;450;;450;;450;;450;;450
;1842;;466;;466;;466;;466;;466
;288;;467;;467;;467;;467;;467
;106;;472;;472;;472;;472;;472
;9040;;481;;481;;481;;481;;481
;8942;;482;;482;;482;;482;;482
;9264;;485;;485;;485;;485;;485
;2648;;491;;491;;491;;491;;491
;7446;;503;;503;;503;;503;;503
;3805;;523;;523;;523;;523;;523
;5890;;527;;527;;527;;527;;527
;6729;;537;;537;;537;;537;;537
;4370;;548;;548;;548;;548;;548
;5350;;555;;555;;555;;555;;555
;5006;;556;;556;;556;;556;;556
;1101;;580;;580;;580;;580;;580
;4393;;585;;585;;585;;585;;585
;3548;;600;;600;;600;;600;;600
;9629;;601;;601;;601;;601;;601
;2623;;608;;608;;608;;608;;608
;4084;;608;;608;;608;;608;;608
;9954;;610;;610;;610;;610;;610
;8756;;626;;626;;626;;626;;626
;1840;;649;;649;;649;;649;;649
;4966;;671;;671;;671;;671;;671
;7376;;674;;674;;674;;674;;674
;3931;;690;;690;;690;;690;;690
;6308;;695;;695;;695;;695;;695
;6944;;710;;710;;710;;710;;710
;2439;;712;;712;;712;;712;;712
;4626;;748;;748;;748;;748;;748
;1323;;750;;750;;750;;750;;750
;5537;;771;;771;;771;;771;;771
;1538;;778;;778;;778;;778;;778
;6118;;783;;783;;783;;783;;783
;2082;;788;;788;;788;;788;;788
;2929;;798;;798;;798;;798;;798
;6541;;808;;808;;808;;808;;808
;4833;;814;;814;;814;;814;;814
;1115;;825;;825;;825;;825;;825
;4639;;833;;833;;833;;833;;833
;9658;;836;;836;;836;;836;;836
;2704;;838;;838;;838;;838;;838
;9930;;851;;851;;851;;851;;851
;3977;;875;;875;;875;;875;;875
;2306;;877;;877;;877;;877;;877
;1673;;888;;888;;888;;888;;888
;2386;;893;;893;;893;;893;;893
;5021;;900;;900;;900;;900;;900
;8745;;900;;900;;900;;900;;900
;6924;;911;;911;;911;;911;;911
;9072;;912;;912;;912;;912;;912
;6270;;913;;913;;913;;913;;913
;5829;;932;;932;;932;;932;;932
;6777;;945;;945;;945;;945;;945
;5573;;974;;974;;974;;974;;974
;5097;;1001;;1001;;1001;;1001;;1001
;6512;;1003;;1003;;1003;;1003;;1003
;3986;;1003;;1003;;1003;;1003;;1003
;3290;;1008;;1008;;1008;;1008;;1008
;9161;;1015;;1015;;1015;;1015;;1015
;8636;;1017;;1017;;1017;;1017;;1017
;2355;;1018;;1018;;1018;;1018;;1018
;4767;;1020;;1020;;1020;;1020;;1020
;3655;;1023;;1023;;1023;;1023;;1023
;5574;;1025;;1025;;1025;;1025;;1025
;4031;;1060;;1060;;1060;;1060;;1060
;2052;;1071;;1071;;1071;;1071;;1071
;7350;;1075;;1075;;1075;;1075;;1075
;1150;;1080;;1080;;1080;;1080;;1080
;6941;;1098;;1098;;1098;;1098;;1098
;1724;;1101;;1101;;1101;;1101;;1101
;3966;;1107;;1107;;1107;;1107;;1107
;3430;;1111;;1111;;1111;;1111;;1111
;1107;;1113;;1113;;1113;;1113;;1113
;191;;1115;;1115;;1115;;1115;;1115
;8007;;1119;;1119;;1119;;1119;;1119
;1337;;1124;;1124;;1124;;1124;;1124
;5457;;1131;;1131;;1131;;1131;;1131
;2287;;1132;;1132;;1132;;1132;;1132
;7753;;1150;;1150;;1150;;1150;;1150
;383;;1153;;1153;;1153;;1153;;1153
;4945;;1173;;1173;;1173;;1173;;1173
;8909;;1185;;1185;;1185;;1185;;1185
;2209;;1192;;1192;;1192;;1192;;1192
;9758;;1196;;1196;;1196;;1196;;1196
;4221;;1200;;1200;;1200;;1200;;1200
;8588;;1221;;1221;;1221;;1221;;1221
;6422;;1221;;1221;;1221;;1221;;1221
;4946;;1224;;1224;;1224;;1224;;1224
;7506;;1240;;1240;;1240;;1240;;1240
;3030;;1247;;1247;;1247;;1247;;1247
;6413;;1258;;1258;;1258;;1258;;1258
;9168;;1264;;1264;;1264;;1264;;1264
;900;;1282;;1282;;1282;;1282;;1282
;2591;;1286;;1286;;1286;;1286;;1286
;8762;;1316;;1316;;1316;;1316;;1316
;1655;;1318;;1318;;1318;;1318;;1318
;7410;;1322;;1322;;1322;;1322;;1322
;6359;;1323;;1323;;1323;;1323;;1323
;7624;;1329;;1329;;1329;;1329;;1329
;537;;1333;;1333;;1333;;1333;;1333
;1548;;1337;;1337;;1337;;1337;;1337
;6483;;1342;;1342;;1342;;1342;;1342
;7595;;1355;;1355;;1355;;1355;;1355
;4041;;1361;;1361;;1361;;1361;;1361
;3602;;1363;;1363;;1363;;1363;;1363
;4350;;1416;;1416;;1416;;1416;;1416
;291;;1416;;1416;;1416;;1416;;1416
;836;;1422;;1422;;1422;;1422;;1422
;9374;;1425;;1425;;1425;;1425;;1425
;1020;;1426;;1426;;1426;;1426;;1426
;4596;;1430;;1430;;1430;;1430;;1430
;4021;;1457;;1457;;1457;;1457;;1457
;7348;;1459;;1459;;1459;;1459;;1459
;3199;;1461;;1461;;1461;;1461;;1461
;9668;;1462;;1462;;1462;;1462;;1462
;4484;;1477;;1477;;1477;;1477;;1477
;8281;;1478;;1478;;1478;;1478;;1478
;4734;;1511;;1511;;1511;;1511;;1511
;53;;1515;;1515;;1515;;1515;;1515
;1999;;1520;;1520;;1520;;1520;;1520
;6418;;1538;;1538;;1538;;1538;;1538
;7938;;1538;;1538;;1538;;1538;;1538
;6900;;1539;;1539;;1539;;1539;;1539
;3788;;1543;;1543;;1543;;1543;;1543
;8127;;1543;;1543;;1543;;1543;;1543
;467;;1545;;1545;;1545;;1545;;1545
;3728;;1548;;1548;;1548;;1548;;1548
;4893;;1556;;1556;;1556;;1556;;1556
;4648;;1585;;1585;;1585;;1585;;1585
;2483;;1587;;1587;;1587;;1587;;1587
;7807;;1588;;1588;;1588;;1588;;1588
;2421;;1600;;1600;;1600;;1600;;1600
;4310;;1624;;1624;;1624;;1624;;1624
;6617;;1626;;1626;;1626;;1626;;1626
;2813;;1626;;1626;;1626;;1626;;1626
;9514;;1627;;1627;;1627;;1627;;1627
;4309;;1634;;1634;;1634;;1634;;1634
;7616;;1635;;1635;;1635;;1635;;1635
;8935;;1637;;1637;;1637;;1637;;1637
;7451;;1650;;1650;;1650;;1650;;1650
;600;;1655;;1655;;1655;;1655;;1655
;5249;;1659;;1659;;1659;;1659;;1659
;6519;;1673;;1673;;1673;;1673;;1673
;1556;;1679;;1679;;1679;;1679;;1679
;2798;;1694;;1694;;1694;;1694;;1694
;303;;1701;;1701;;1701;;1701;;1701
;6224;;1718;;1718;;1718;;1718;;1718
;1008;;1723;;1723;;1723;;1723;;1723
;5844;;1724;;1724;;1724;;1724;;1724
;2609;;1726;;1726;;1726;;1726;;1726
;4989;;1752;;1752;;1752;;1752;;1752
;2702;;1758;;1758;;1758;;1758;;1758
;3195;;1763;;1763;;1763;;1763;;1763
;485;;1763;;1763;;1763;;1763;;1763
;3093;;1769;;1769;;1769;;1769;;1769
;4343;;1783;;1783;;1783;;1783;;1783
;523;;1818;;1818;;1818;;1818;;1818
;1587;;1832;;1832;;1832;;1832;;1832
;9314;;1833;;1833;;1833;;1833;;1833
;9503;;1840;;1840;;1840;;1840;;1840
;7448;;1842;;1842;;1842;;1842;;1842
;5200;;1869;;1869;;1869;;1869;;1869
;3458;;1881;;1881;;1881;;1881;;1881
;6618;;1885;;1885;;1885;;1885;;1885
;580;;1903;;1903;;1903;;1903;;1903
;9796;;1924;;1924;;1924;;1924;;1924
;4798;;1926;;1926;;1926;;1926;;1926
;5281;;1928;;1928;;1928;;1928;;1928
;9589;;1934;;1934;;1934;;1934;;1934
;798;;1942;;1942;;1942;;1942;;1942
;8009;;1945;;1945;;1945;;1945;;1945
;7157;;1948;;1948;;1948;;1948;;1948
;472;;1954;;1954;;1954;;1954;;1954
;3622;;1974;;1974;;1974;;1974;;1974
;8538;;1993;;1993;;1993;;1993;;1993
;2292;;1998;;1998;;1998;;1998;;1998
;6038;;1999;;1999;;1999;;1999;;1999
;4179;;2011;;2011;;2011;;2011;;2011
;8190;;2043;;2043;;2043;;2043;;2043
;9657;;2044;;2044;;2044;;2044;;2044
;7958;;2044;;2044;;2044;;2044;;2044
;6191;;2052;;2052;;2052;;2052;;2052
;9815;;2053;;2053;;2053;;2053;;2053
;2888;;2060;;2060;;2060;;2060;;2060
;9156;;2082;;2082;;2082;;2082;;2082
;1511;;2088;;2088;;2088;;2088;;2088
;6202;;2125;;2125;;2125;;2125;;2125
;2634;;2142;;2142;;2142;;2142;;2142
;4272;;2154;;2154;;2154;;2154;;2154
;55;;2161;;2161;;2161;;2161;;2161
;328;;2164;;2164;;2164;;2164;;2164
;2646;;2168;;2168;;2168;;2168;;2168
;6362;;2168;;2168;;2168;;2168;;2168
;4886;;2170;;2170;;2170;;2170;;2170
;8875;;2171;;2171;;2171;;2171;;2171
;8433;;2181;;2181;;2181;;2181;;2181
;9869;;2190;;2190;;2190;;2190;;2190
;142;;2193;;2193;;2193;;2193;;2193
;3844;;2209;;2209;;2209;;2209;;2209
;1416;;2220;;2220;;2220;;2220;;2220
;1881;;2223;;2223;;2223;;2223;;2223
;1998;;2226;;2226;;2226;;2226;;2226
;322;;2233;;2233;;2233;;2233;;2233
;8651;;2249;;2249;;2249;;2249;;2249
;21;;2257;;2257;;2257;;2257;;2257
;5699;;2263;;2263;;2263;;2263;;2263
;3557;;2270;;2270;;2270;;2270;;2270
;8476;;2279;;2279;;2279;;2279;;2279
;7892;;2287;;2287;;2287;;2287;;2287
;4389;;2292;;2292;;2292;;2292;;2292
;5075;;2296;;2296;;2296;;2296;;2296
;712;;2303;;2303;;2303;;2303;;2303
;2600;;2306;;2306;;2306;;2306;;2306
;2510;;2316;;2316;;2316;;2316;;2316
;1003;;2317;;2317;;2317;;2317;;2317
;6869;;2324;;2324;;2324;;2324;;2324
;7861;;2355;;2355;;2355;;2355;;2355
;4688;;2356;;2356;;2356;;2356;;2356
;3401;;2363;;2363;;2363;;2363;;2363
;9789;;2368;;2368;;2368;;2368;;2368
;5255;;2382;;2382;;2382;;2382;;2382
;6423;;2386;;2386;;2386;;2386;;2386
;5002;;2391;;2391;;2391;;2391;;2391
;585;;2392;;2392;;2392;;2392;;2392
;4182;;2404;;2404;;2404;;2404;;2404
;285;;2409;;2409;;2409;;2409;;2409
;7088;;2413;;2413;;2413;;2413;;2413
;1426;;2421;;2421;;2421;;2421;;2421
;8617;;2423;;2423;;2423;;2423;;2423
;3757;;2428;;2428;;2428;;2428;;2428
;9832;;2439;;2439;;2439;;2439;;2439
;932;;2455;;2455;;2455;;2455;;2455
;4169;;2466;;2466;;2466;;2466;;2466
;2154;;2483;;2483;;2483;;2483;;2483
;5721;;2483;;2483;;2483;;2483;;2483
;7189;;2508;;2508;;2508;;2508;;2508
;9976;;2510;;2510;;2510;;2510;;2510
;1329;;2525;;2525;;2525;;2525;;2525
;2368;;2529;;2529;;2529;;2529;;2529
;8692;;2532;;2532;;2532;;2532;;2532
;1425;;2549;;2549;;2549;;2549;;2549
;555;;2549;;2549;;2549;;2549;;2549
;3434;;2550;;2550;;2550;;2550;;2550
;6549;;2589;;2589;;2589;;2589;;2589
;7441;;2591;;2591;;2591;;2591;;2591
;9512;;2593;;2593;;2593;;2593;;2593
;145;;2598;;2598;;2598;;2598;;2598
;8060;;2600;;2600;;2600;;2600;;2600
;1718;;2604;;2604;;2604;;2604;;2604
;3753;;2607;;2607;;2607;;2607;;2607
;6139;;2609;;2609;;2609;;2609;;2609
;2423;;2619;;2619;;2619;;2619;;2619
;6279;;2623;;2623;;2623;;2623;;2623
;5996;;2625;;2625;;2625;;2625;;2625
;6687;;2625;;2625;;2625;;2625;;2625
;2529;;2634;;2634;;2634;;2634;;2634
;2549;;2637;;2637;;2637;;2637;;2637
;7437;;2637;;2637;;2637;;2637;;2637
;9866;;2646;;2646;;2646;;2646;;2646
;2949;;2648;;2648;;2648;;2648;;2648
;193;;2658;;2658;;2658;;2658;;2658
;3195;;2662;;2662;;2662;;2662;;2662
;3297;;2663;;2663;;2663;;2663;;2663
;416;;2668;;2668;;2668;;2668;;2668
;8286;;2670;;2670;;2670;;2670;;2670
;6105;;2673;;2673;;2673;;2673;;2673
;4488;;2678;;2678;;2678;;2678;;2678
;6282;;2685;;2685;;2685;;2685;;2685
;2455;;2695;;2695;;2695;;2695;;2695
;5734;;2701;;2701;;2701;;2701;;2701
;8114;;2702;;2702;;2702;;2702;;2702
;1701;;2704;;2704;;2704;;2704;;2704
;1316;;2717;;2717;;2717;;2717;;2717
;671;;2722;;2722;;2722;;2722;;2722
;5786;;2725;;2725;;2725;;2725;;2725
;2263;;2726;;2726;;2726;;2726;;2726
;4313;;2734;;2734;;2734;;2734;;2734
;4355;;2741;;2741;;2741;;2741;;2741
;1185;;2757;;2757;;2757;;2757;;2757
;53;;2758;;2758;;2758;;2758;;2758
;912;;2760;;2760;;2760;;2760;;2760
;808;;2798;;2798;;2798;;2798;;2798
;1832;;2800;;2800;;2800;;2800;;2800
;945;;2813;;2813;;2813;;2813;;2813
;4313;;2818;;2818;;2818;;2818;;2818
;7756;;2835;;2835;;2835;;2835;;2835
;8321;;2843;;2843;;2843;;2843;;2843
;9558;;2848;;2848;;2848;;2848;;2848
;3646;;2850;;2850;;2850;;2850;;2850
;7982;;2859;;2859;;2859;;2859;;2859
;481;;2865;;2865;;2865;;2865;;2865
;4144;;2867;;2867;;2867;;2867;;2867
;3196;;2888;;2888;;2888;;2888;;2888
;222;;2896;;2896;;2896;;2896;;2896
;7129;;2913;;2913;;2913;;2913;;2913
;2161;;2929;;2929;;2929;;2929;;2929
;5535;;2938;;2938;;2938;;2938;;2938
;450;;2941;;2941;;2941;;2941;;2941
;1173;;2943;;2943;;2943;;2943;;2943
;466;;2949;;2949;;2949;;2949;;2949
;2044;;2963;;2963;;2963;;2963;;2963
;1659;;2971;;2971;;2971;;2971;;2971
;6292;;2993;;2993;;2993;;2993;;2993
;6439;;2995;;2995;;2995;;2995;;2995
;7253;;3007;;3007;;3007;;3007;;3007
;24;;3022;;3022;;3022;;3022;;3022
;6154;;3030;;3030;;3030;;3030;;3030
;9510;;3031;;3031;;3031;;3031;;3031
;4745;;3035;;3035;;3035;;3035;;3035
;649;;3039;;3039;;3039;;3039;;3039
;3186;;3061;;3061;;3061;;3061;;3061
;8313;;3064;;3064;;3064;;3064;;3064
;4474;;3073;;3073;;3073;;3073;;3073
;8022;;3093;;3093;;3093;;3093;;3093
;2168;;3102;;3102;;3102;;3102;;3102
;4018;;3142;;3142;;3142;;3142;;3142
;8787;;3152;;3152;;3152;;3152;;3152
;9905;;3169;;3169;;3169;;3169;;3169
;7958;;3186;;3186;;3186;;3186;;3186
;7391;;3195;;3195;;3195;;3195;;3195
;202;;3195;;3195;;3195;;3195;;3195
;3625;;3196;;3196;;3196;;3196;;3196
;6477;;3199;;3199;;3199;;3199;;3199
;4414;;3216;;3216;;3216;;3216;;3216
;9314;;3221;;3221;;3221;;3221;;3221
;5824;;3245;;3245;;3245;;3245;;3245
;9334;;3261;;3261;;3261;;3261;;3261
;5874;;3271;;3271;;3271;;3271;;3271
;4372;;3281;;3281;;3281;;3281;;3281
;159;;3290;;3290;;3290;;3290;;3290
;1833;;3297;;3297;;3297;;3297;;3297
;8070;;3309;;3309;;3309;;3309;;3309
;7487;;3318;;3318;;3318;;3318;;3318
;8297;;3342;;3342;;3342;;3342;;3342
;7518;;3357;;3357;;3357;;3357;;3357
;8177;;3359;;3359;;3359;;3359;;3359
;7773;;3392;;3392;;3392;;3392;;3392
;2270;;3401;;3401;;3401;;3401;;3401
;1763;;3430;;3430;;3430;;3430;;3430
;2668;;3434;;3434;;3434;;3434;;3434
;7192;;3452;;3452;;3452;;3452;;3452
;3985;;3458;;3458;;3458;;3458;;3458
;3102;;3487;;3487;;3487;;3487;;3487
;8480;;3527;;3527;;3527;;3527;;3527
;9213;;3548;;3548;;3548;;3548;;3548
;7627;;3557;;3557;;3557;;3557;;3557
;4802;;3561;;3561;;3561;;3561;;3561
;4099;;3584;;3584;;3584;;3584;;3584
;527;;3584;;3584;;3584;;3584;;3584
;2625;;3602;;3602;;3602;;3602;;3602
;1543;;3622;;3622;;3622;;3622;;3622
;1924;;3625;;3625;;3625;;3625;;3625
;1023;;3646;;3646;;3646;;3646;;3646
;9972;;3648;;3648;;3648;;3648;;3648
;3061;;3653;;3653;;3653;;3653;;3653
;4181;;3655;;3655;;3655;;3655;;3655
;1003;;3676;;3676;;3676;;3676;;3676
;7432;;3694;;3694;;3694;;3694;;3694
;7505;;3728;;3728;;3728;;3728;;3728
;7593;;3737;;3737;;3737;;3737;;3737
;2725;;3753;;3753;;3753;;3753;;3753
;3031;;3754;;3754;;3754;;3754;;3754
;8492;;3757;;3757;;3757;;3757;;3757
;142;;3775;;3775;;3775;;3775;;3775
;7222;;3788;;3788;;3788;;3788;;3788
;1286;;3805;;3805;;3805;;3805;;3805
;3064;;3811;;3811;;3811;;3811;;3811
;7900;;3829;;3829;;3829;;3829;;3829
;9187;;3829;;3829;;3829;;3829;;3829
;8360;;3831;;3831;;3831;;3831;;3831
;2413;;3831;;3831;;3831;;3831;;3831
;974;;3844;;3844;;3844;;3844;;3844
;4270;;3847;;3847;;3847;;3847;;3847
;9170;;3850;;3850;;3850;;3850;;3850
;235;;3851;;3851;;3851;;3851;;3851
;833;;3869;;3869;;3869;;3869;;3869
;9711;;3878;;3878;;3878;;3878;;3878
;5760;;3902;;3902;;3902;;3902;;3902
;8896;;3931;;3931;;3931;;3931;;3931
;4667;;3936;;3936;;3936;;3936;;3936
;7285;;3959;;3959;;3959;;3959;;3959
;2550;;3966;;3966;;3966;;3966;;3966
;140;;3971;;3971;;3971;;3971;;3971
;3694;;3971;;3971;;3971;;3971;;3971
;2695;;3977;;3977;;3977;;3977;;3977
;1624;;3977;;3977;;3977;;3977;;3977
;8019;;3985;;3985;;3985;;3985;;3985
;2125;;3985;;3985;;3985;;3985;;3985
;6576;;3986;;3986;;3986;;3986;;3986
;1694;;3992;;3992;;3992;;3992;;3992
;2658;;4008;;4008;;4008;;4008;;4008
;6302;;4015;;4015;;4015;;4015;;4015
;7371;;4018;;4018;;4018;;4018;;4018
;2466;;4021;;4021;;4021;;4021;;4021
;4678;;4028;;4028;;4028;;4028;;4028
;2593;;4031;;4031;;4031;;4031;;4031
;3851;;4041;;4041;;4041;;4041;;4041
;5484;;4041;;4041;;4041;;4041;;4041
;1018;;4050;;4050;;4050;;4050;;4050
;8464;;4084;;4084;;4084;;4084;;4084
;1119;;4084;;4084;;4084;;4084;;4084
;3152;;4099;;4099;;4099;;4099;;4099
;2800;;4129;;4129;;4129;;4129;;4129
;8087;;4144;;4144;;4144;;4144;;4144
;1060;;4146;;4146;;4146;;4146;;4146
;1926;;4155;;4155;;4155;;4155;;4155
;9010;;4169;;4169;;4169;;4169;;4169
;4757;;4179;;4179;;4179;;4179;;4179
;2170;;4181;;4181;;4181;;4181;;4181
;315;;4182;;4182;;4182;;4182;;4182
;9576;;4186;;4186;;4186;;4186;;4186
;227;;4213;;4213;;4213;;4213;;4213
;2043;;4221;;4221;;4221;;4221;;4221
;2758;;4229;;4229;;4229;;4229;;4229
;7164;;4256;;4256;;4256;;4256;;4256
;5109;;4270;;4270;;4270;;4270;;4270
;7882;;4272;;4272;;4272;;4272;;4272
;7086;;4295;;4295;;4295;;4295;;4295
;9565;;4309;;4309;;4309;;4309;;4309
;3487;;4310;;4310;;4310;;4310;;4310
;9577;;4313;;4313;;4313;;4313;;4313
;4474;;4313;;4313;;4313;;4313;;4313
;2625;;4343;;4343;;4343;;4343;;4343
;5627;;4350;;4350;;4350;;4350;;4350
;5629;;4355;;4355;;4355;;4355;;4355
;1928;;4369;;4369;;4369;;4369;;4369
;5423;;4370;;4370;;4370;;4370;;4370
;8520;;4372;;4372;;4372;;4372;;4372
;6902;;4389;;4389;;4389;;4389;;4389
;4962;;4393;;4393;;4393;;4393;;4393
;123;;4413;;4413;;4413;;4413;;4413
;4596;;4414;;4414;;4414;;4414;;4414
;3737;;4423;;4423;;4423;;4423;;4423
;3261;;4423;;4423;;4423;;4423;;4423
;195;;4429;;4429;;4429;;4429;;4429
;2525;;4460;;4460;;4460;;4460;;4460
;1264;;4464;;4464;;4464;;4464;;4464
;8260;;4472;;4472;;4472;;4472;;4472
;6202;;4474;;4474;;4474;;4474;;4474
;8116;;4474;;4474;;4474;;4474;;4474
;5030;;4484;;4484;;4484;;4484;;4484
;326;;4484;;4484;;4484;;4484;;4484
;9011;;4485;;4485;;4485;;4485;;4485
;771;;4488;;4488;;4488;;4488;;4488
;6411;;4536;;4536;;4536;;4536;;4536
;5547;;4555;;4555;;4555;;4555;;4555
;1153;;4565;;4565;;4565;;4565;;4565
;1520;;4596;;4596;;4596;;4596;;4596
;9790;;4596;;4596;;4596;;4596;;4596
;4924;;4604;;4604;;4604;;4604;;4604
;188;;4606;;4606;;4606;;4606;;4606
;1763;;4625;;4625;;4625;;4625;;4625
;4940;;4626;;4626;;4626;;4626;;4626
;851;;4639;;4639;;4639;;4639;;4639
;8662;;4648;;4648;;4648;;4648;;4648
;3829;;4664;;4664;;4664;;4664;;4664
;900;;4667;;4667;;4667;;4667;;4667
;7713;;4675;;4675;;4675;;4675;;4675
;8958;;4678;;4678;;4678;;4678;;4678
;7578;;4681;;4681;;4681;;4681;;4681
;8365;;4686;;4686;;4686;;4686;;4686
;3007;;4688;;4688;;4688;;4688;;4688
;1477;;4693;;4693;;4693;;4693;;4693
;1200;;4700;;4700;;4700;;4700;;4700
;6058;;4734;;4734;;4734;;4734;;4734
;6439;;4736;;4736;;4736;;4736;;4736
;2303;;4745;;4745;;4745;;4745;;4745
;2760;;4757;;4757;;4757;;4757;;4757
;9357;;4766;;4766;;4766;;4766;;4766
;2324;;4767;;4767;;4767;;4767;;4767
;6477;;4771;;4771;;4771;;4771;;4771
;5108;;4774;;4774;;4774;;4774;;4774
;1113;;4778;;4778;;4778;;4778;;4778
;4887;;4798;;4798;;4798;;4798;;4798
;9801;;4802;;4802;;4802;;4802;;4802
;2850;;4827;;4827;;4827;;4827;;4827
;4460;;4833;;4833;;4833;;4833;;4833
;2428;;4855;;4855;;4855;;4855;;4855
;2993;;4886;;4886;;4886;;4886;;4886
;7384;;4887;;4887;;4887;;4887;;4887
;9405;;4893;;4893;;4893;;4893;;4893
;6540;;4902;;4902;;4902;;4902;;4902
;1111;;4924;;4924;;4924;;4924;;4924
;8704;;4932;;4932;;4932;;4932;;4932
;2835;;4937;;4937;;4937;;4937;;4937
;2356;;4940;;4940;;4940;;4940;;4940
;6072;;4944;;4944;;4944;;4944;;4944
;9350;;4945;;4945;;4945;;4945;;4945
;8823;;4946;;4946;;4946;;4946;;4946
;4485;;4948;;4948;;4948;;4948;;4948
;556;;4955;;4955;;4955;;4955;;4955
;3216;;4962;;4962;;4962;;4962;;4962
;1626;;4966;;4966;;4966;;4966;;4966
;9357;;4970;;4970;;4970;;4970;;4970
;8526;;4975;;4975;;4975;;4975;;4975
;3357;;4989;;4989;;4989;;4989;;4989
;9337;;5002;;5002;;5002;;5002;;5002
;3271;;5006;;5006;;5006;;5006;;5006
;3869;;5021;;5021;;5021;;5021;;5021
;9361;;5030;;5030;;5030;;5030;;5030
;2896;;5049;;5049;;5049;;5049;;5049
;3022;;5071;;5071;;5071;;5071;;5071
;9617;;5072;;5072;;5072;;5072;;5072
;112;;5075;;5075;;5075;;5075;;5075
;2717;;5087;;5087;;5087;;5087;;5087
;8696;;5097;;5097;;5097;;5097;;5097
;1585;;5108;;5108;;5108;;5108;;5108
;4041;;5109;;5109;;5109;;5109;;5109
;4423;;5117;;5117;;5117;;5117;;5117
;4129;;5141;;5141;;5141;;5141;;5141
;4229;;5145;;5145;;5145;;5145;;5145
;4565;;5184;;5184;;5184;;5184;;5184
;6559;;5185;;5185;;5185;;5185;;5185
;8932;;5200;;5200;;5200;;5200;;5200
;2296;;5205;;5205;;5205;;5205;;5205
;9855;;5205;;5205;;5205;;5205;;5205
;2053;;5249;;5249;;5249;;5249;;5249
;6962;;5255;;5255;;5255;;5255;;5255
;3584;;5262;;5262;;5262;;5262;;5262
;9734;;5264;;5264;;5264;;5264;;5264
;6654;;5264;;5264;;5264;;5264;;5264
;6972;;5269;;5269;;5269;;5269;;5269
;1457;;5281;;5281;;5281;;5281;;5281
;4369;;5313;;5313;;5313;;5313;;5313
;2532;;5347;;5347;;5347;;5347;;5347
;2963;;5350;;5350;;5350;;5350;;5350
;2607;;5402;;5402;;5402;;5402;;5402
;2483;;5411;;5411;;5411;;5411;;5411
;911;;5423;;5423;;5423;;5423;;5423
;1635;;5436;;5436;;5436;;5436;;5436
;67;;5447;;5447;;5447;;5447;;5447
;2848;;5454;;5454;;5454;;5454;;5454
;4675;;5457;;5457;;5457;;5457;;5457
;2938;;5484;;5484;;5484;;5484;;5484
;2223;;5498;;5498;;5498;;5498;;5498
;2142;;5508;;5508;;5508;;5508;;5508
;3754;;5535;;5535;;5535;;5535;;5535
;6511;;5537;;5537;;5537;;5537;;5537
;2741;;5542;;5542;;5542;;5542;;5542
;175;;5547;;5547;;5547;;5547;;5547
;1459;;5547;;5547;;5547;;5547;;5547
;7825;;5556;;5556;;5556;;5556;;5556
;3221;;5561;;5561;;5561;;5561;;5561
;7870;;5565;;5565;;5565;;5565;;5565
;1626;;5573;;5573;;5573;;5573;;5573
;1934;;5574;;5574;;5574;;5574;;5574
;5205;;5589;;5589;;5589;;5589;;5589
;1783;;5601;;5601;;5601;;5601;;5601
;3850;;5620;;5620;;5620;;5620;;5620
;7398;;5627;;5627;;5627;;5627;;5627
;2279;;5629;;5629;;5629;;5629;;5629
;2701;;5629;;5629;;5629;;5629;;5629
;2193;;5629;;5629;;5629;;5629;;5629
;2734;;5662;;5662;;5662;;5662;;5662
;1637;;5667;;5667;;5667;;5667;;5667
;6534;;5699;;5699;;5699;;5699;;5699
;5556;;5705;;5705;;5705;;5705;;5705
;1993;;5705;;5705;;5705;;5705;;5705
;176;;5706;;5706;;5706;;5706;;5706
;5705;;5721;;5721;;5721;;5721;;5721
;6962;;5724;;5724;;5724;;5724;;5724
;548;;5734;;5734;;5734;;5734;;5734
;5881;;5748;;5748;;5748;;5748;;5748
;300;;5759;;5759;;5759;;5759;;5759
;4413;;5760;;5760;;5760;;5760;;5760
;6641;;5786;;5786;;5786;;5786;;5786
;9855;;5790;;5790;;5790;;5790;;5790
;4855;;5824;;5824;;5824;;5824;;5824
;3142;;5824;;5824;;5824;;5824;;5824
;1462;;5829;;5829;;5829;;5829;;5829
;7611;;5844;;5844;;5844;;5844;;5844
;877;;5874;;5874;;5874;;5874;;5874
;424;;5881;;5881;;5881;;5881;;5881
;2678;;5890;;5890;;5890;;5890;;5890
;1752;;5898;;5898;;5898;;5898;;5898
;8443;;5938;;5938;;5938;;5938;;5938
;8296;;5944;;5944;;5944;;5944;;5944
;2673;;5951;;5951;;5951;;5951;;5951
;40;;5990;;5990;;5990;;5990;;5990
;9313;;5994;;5994;;5994;;5994;;5994
;875;;5996;;5996;;5996;;5996;;5996
;72;;5997;;5997;;5997;;5997;;5997
;2818;;6036;;6036;;6036;;6036;;6036
;610;;6038;;6038;;6038;;6038;;6038
;1017;;6058;;6058;;6058;;6058;;6058
;4932;;6072;;6072;;6072;;6072;;6072
;8112;;6077;;6077;;6077;;6077;;6077
;695;;6085;;6085;;6085;;6085;;6085
;3169;;6105;;6105;;6105;;6105;;6105
;3831;;6113;;6113;;6113;;6113;;6113
;40;;6118;;6118;;6118;;6118;;6118
;6488;;6129;;6129;;6129;;6129;;6129
;8685;;6139;;6139;;6139;;6139;;6139
;9090;;6142;;6142;;6142;;6142;;6142
;9497;;6153;;6153;;6153;;6153;;6153
;2589;;6154;;6154;;6154;;6154;;6154
;5990;;6173;;6173;;6173;;6173;;6173
;5145;;6191;;6191;;6191;;6191;;6191
;9353;;6202;;6202;;6202;;6202;;6202
;9314;;6202;;6202;;6202;;6202;;6202
;8651;;6215;;6215;;6215;;6215;;6215
;6740;;6224;;6224;;6224;;6224;;6224
;2044;;6234;;6234;;6234;;6234;;6234
;1258;;6264;;6264;;6264;;6264;;6264
;335;;6270;;6270;;6270;;6270;;6270
;8759;;6279;;6279;;6279;;6279;;6279
;1192;;6282;;6282;;6282;;6282;;6282
;7605;;6287;;6287;;6287;;6287;;6287
;5264;;6292;;6292;;6292;;6292;;6292
;2181;;6299;;6299;;6299;;6299;;6299
;8503;;6302;;6302;;6302;;6302;;6302
;3829;;6303;;6303;;6303;;6303;;6303
;3775;;6303;;6303;;6303;;6303;;6303
;608;;6308;;6308;;6308;;6308;;6308
;9292;;6334;;6334;;6334;;6334;;6334
;5997;;6359;;6359;;6359;;6359;;6359
;7549;;6362;;6362;;6362;;6362;;6362
;9556;;6410;;6410;;6410;;6410;;6410
;5561;;6411;;6411;;6411;;6411;;6411
;1627;;6413;;6413;;6413;;6413;;6413
;6467;;6418;;6418;;6418;;6418;;6418
;9541;;6422;;6422;;6422;;6422;;6422
;6129;;6423;;6423;;6423;;6423;;6423
;1240;;6428;;6428;;6428;;6428;;6428
;7813;;6439;;6439;;6439;;6439;;6439
;9174;;6439;;6439;;6439;;6439;;6439
;601;;6463;;6463;;6463;;6463;;6463
;6077;;6467;;6467;;6467;;6467;;6467
;215;;6477;;6477;;6477;;6477;;6477
;8683;;6477;;6477;;6477;;6477;;6477
;8213;;6483;;6483;;6483;;6483;;6483
;3992;;6488;;6488;;6488;;6488;;6488
;5824;;6493;;6493;;6493;;6493;;6493
;5601;;6500;;6500;;6500;;6500;;6500
;3392;;6504;;6504;;6504;;6504;;6504
;5759;;6511;;6511;;6511;;6511;;6511
;2670;;6512;;6512;;6512;;6512;;6512
;6428;;6519;;6519;;6519;;6519;;6519
;8027;;6534;;6534;;6534;;6534;;6534
;4084;;6540;;6540;;6540;;6540;;6540
;75;;6541;;6541;;6541;;6541;;6541
;8786;;6541;;6541;;6541;;6541;;6541
;5498;;6549;;6549;;6549;;6549;;6549
;4970;;6559;;6559;;6559;;6559;;6559
;6287;;6565;;6565;;6565;;6565;;6565
;3847;;6576;;6576;;6576;;6576;;6576
;2604;;6617;;6617;;6617;;6617;;6617
;503;;6618;;6618;;6618;;6618;;6618
;1221;;6634;;6634;;6634;;6634;;6634
;2663;;6641;;6641;;6641;;6641;;6641
;5706;;6652;;6652;;6652;;6652;;6652
;2363;;6654;;6654;;6654;;6654;;6654
;9010;;6687;;6687;;6687;;6687;;6687
;2171;;6698;;6698;;6698;;6698;;6698
;7489;;6704;;6704;;6704;;6704;;6704
;8240;;6705;;6705;;6705;;6705;;6705
;2164;;6729;;6729;;6729;;6729;;6729
;5542;;6740;;6740;;6740;;6740;;6740
;7619;;6777;;6777;;6777;;6777;;6777
;913;;6827;;6827;;6827;;6827;;6827
;7591;;6858;;6858;;6858;;6858;;6858
;6704;;6868;;6868;;6868;;6868;;6868
;1818;;6869;;6869;;6869;;6869;;6869
;9232;;6900;;6900;;6900;;6900;;6900
;750;;6902;;6902;;6902;;6902;;6902
;5205;;6909;;6909;;6909;;6909;;6909
;4975;;6923;;6923;;6923;;6923;;6923
;1539;;6924;;6924;;6924;;6924;;6924
;303;;6941;;6941;;6941;;6941;;6941
;1422;;6944;;6944;;6944;;6944;;6944
;1098;;6962;;6962;;6962;;6962;;6962
;1247;;6962;;6962;;6962;;6962;;6962
;3584;;6962;;6962;;6962;;6962;;6962
;3648;;6969;;6969;;6969;;6969;;6969
;2971;;6972;;6972;;6972;;6972;;6972
;7864;;7035;;7035;;7035;;7035;;7035
;2913;;7038;;7038;;7038;;7038;;7038
;1075;;7067;;7067;;7067;;7067;;7067
;1545;;7086;;7086;;7086;;7086;;7086
;8712;;7088;;7088;;7088;;7088;;7088
;7546;;7103;;7103;;7103;;7103;;7103
;8678;;7109;;7109;;7109;;7109;;7109
;1769;;7110;;7110;;7110;;7110;;7110
;5262;;7129;;7129;;7129;;7129;;7129
;8519;;7152;;7152;;7152;;7152;;7152
;3985;;7157;;7157;;7157;;7157;;7157
;8289;;7164;;7164;;7164;;7164;;7164
;5944;;7189;;7189;;7189;;7189;;7189
;2865;;7192;;7192;;7192;;7192;;7192
;8540;;7200;;7200;;7200;;7200;;7200
;3245;;7222;;7222;;7222;;7222;;7222
;5508;;7253;;7253;;7253;;7253;;7253
;8318;;7262;;7262;;7262;;7262;;7262
;7870;;7285;;7285;;7285;;7285;;7285
;9601;;7348;;7348;;7348;;7348;;7348
;8323;;7350;;7350;;7350;;7350;;7350
;1132;;7371;;7371;;7371;;7371;;7371
;4472;;7376;;7376;;7376;;7376;;7376
;7152;;7384;;7384;;7384;;7384;;7384
;5087;;7391;;7391;;7391;;7391;;7391
;8570;;7398;;7398;;7398;;7398;;7398
;9763;;7410;;7410;;7410;;7410;;7410
;9901;;7421;;7421;;7421;;7421;;7421
;7103;;7432;;7432;;7432;;7432;;7432
;4423;;7437;;7437;;7437;;7437;;7437
;3527;;7441;;7441;;7441;;7441;;7441
;1600;;7446;;7446;;7446;;7446;;7446
;6969;;7448;;7448;;7448;;7448;;7448
;4015;;7451;;7451;;7451;;7451;;7451
;5565;;7487;;7487;;7487;;7487;;7487
;28;;7489;;7489;;7489;;7489;;7489
;1543;;7505;;7505;;7505;;7505;;7505
;5347;;7506;;7506;;7506;;7506;;7506
;2088;;7518;;7518;;7518;;7518;;7518
;2943;;7529;;7529;;7529;;7529;;7529
;2637;;7546;;7546;;7546;;7546;;7546
;2409;;7549;;7549;;7549;;7549;;7549
;6463;;7578;;7578;;7578;;7578;;7578
;5049;;7591;;7591;;7591;;7591;;7591
;4681;;7593;;7593;;7593;;7593;;7593
;1588;;7595;;7595;;7595;;7595;;7595
;1342;;7605;;7605;;7605;;7605;;7605
;608;;7611;;7611;;7611;;7611;;7611
;2060;;7616;;7616;;7616;;7616;;7616
;1221;;7619;;7619;;7619;;7619;;7619
;1758;;7624;;7624;;7624;;7624;;7624
;9954;;7627;;7627;;7627;;7627;;7627
;888;;7644;;7644;;7644;;7644;;7644
;4146;;7673;;7673;;7673;;7673;;7673
;690;;7711;;7711;;7711;;7711;;7711
;7949;;7713;;7713;;7713;;7713;;7713
;2843;;7753;;7753;;7753;;7753;;7753
;1430;;7756;;7756;;7756;;7756;;7756
;5620;;7773;;7773;;7773;;7773;;7773
;748;;7807;;7807;;7807;;7807;;7807
;7067;;7813;;7813;;7813;;7813;;7813
;4536;;7815;;7815;;7815;;7815;;7815
;783;;7825;;7825;;7825;;7825;;7825
;8035;;7841;;7841;;7841;;7841;;7841
;2226;;7861;;7861;;7861;;7861;;7861
;5185;;7864;;7864;;7864;;7864;;7864
;7038;;7870;;7870;;7870;;7870;;7870
;9853;;7870;;7870;;7870;;7870;;7870
;5629;;7882;;7882;;7882;;7882;;7882
;1224;;7892;;7892;;7892;;7892;;7892
;5748;;7900;;7900;;7900;;7900;;7900
;9923;;7913;;7913;;7913;;7913;;7913
;3359;;7938;;7938;;7938;;7938;;7938
;2257;;7949;;7949;;7949;;7949;;7949
;4766;;7958;;7958;;7958;;7958;;7958
;4944;;7958;;7958;;7958;;7958;;7958
;4955;;7964;;7964;;7964;;7964;;7964
;3318;;7982;;7982;;7982;;7982;;7982
;2726;;8007;;8007;;8007;;8007;;8007
;5411;;8009;;8009;;8009;;8009;;8009
;1025;;8019;;8019;;8019;;8019;;8019
;355;;8022;;8022;;8022;;8022;;8022
;1001;;8027;;8027;;8027;;8027;;8027
;2549;;8035;;8035;;8035;;8035;;8035
;9496;;8060;;8060;;8060;;8060;;8060
;8584;;8070;;8070;;8070;;8070;;8070
;9515;;8075;;8075;;8075;;8075;;8075
;7964;;8082;;8082;;8082;;8082;;8082
;3342;;8087;;8087;;8087;;8087;;8087
;8075;;8112;;8112;;8112;;8112;;8112
;7913;;8114;;8114;;8114;;8114;;8114
;6142;;8115;;8115;;8115;;8115;;8115
;1196;;8116;;8116;;8116;;8116;;8116
;1948;;8127;;8127;;8127;;8127;;8127
;5072;;8132;;8132;;8132;;8132;;8132
;426;;8145;;8145;;8145;;8145;;8145
;4606;;8177;;8177;;8177;;8177;;8177
;6173;;8190;;8190;;8190;;8190;;8190
;4429;;8213;;8213;;8213;;8213;;8213
;2404;;8230;;8230;;8230;;8230;;8230
;6705;;8240;;8240;;8240;;8240;;8240
;626;;8253;;8253;;8253;;8253;;8253
;9812;;8256;;8256;;8256;;8256;;8256
;9375;;8260;;8260;;8260;;8260;;8260
;93;;8281;;8281;;8281;;8281;;8281
;6565;;8286;;8286;;8286;;8286;;8286
;6036;;8289;;8289;;8289;;8289;;8289
;4736;;8296;;8296;;8296;;8296;;8296
;9141;;8297;;8297;;8297;;8297;;8297
;814;;8313;;8313;;8313;;8313;;8313
;5994;;8318;;8318;;8318;;8318;;8318
;8256;;8321;;8321;;8321;;8321;;8321
;6652;;8323;;8323;;8323;;8323;;8323
;3936;;8330;;8330;;8330;;8330;;8330
;838;;8360;;8360;;8360;;8360;;8360
;482;;8365;;8365;;8365;;8365;;8365
;1355;;8380;;8380;;8380;;8380;;8380
;1015;;8433;;8433;;8433;;8433;;8433
;1131;;8443;;8443;;8443;;8443;;8443
;8230;;8464;;8464;;8464;;8464;;8464
;7841;;8467;;8467;;8467;;8467;;8467
;4625;;8476;;8476;;8476;;8476;;8476
;2011;;8480;;8480;;8480;;8480;;8480
;2637;;8489;;8489;;8489;;8489;;8489
;4186;;8492;;8492;;8492;;8492;;8492
;9690;;8503;;8503;;8503;;8503;;8503
;1650;;8519;;8519;;8519;;8519;;8519
;5662;;8520;;8520;;8520;;8520;;8520
;1634;;8526;;8526;;8526;;8526;;8526
;893;;8538;;8538;;8538;;8538;;8538
;353;;8540;;8540;;8540;;8540;;8540
;1416;;8570;;8570;;8570;;8570;;8570
;3452;;8584;;8584;;8584;;8584;;8584
;4008;;8588;;8588;;8588;;8588;;8588
;7262;;8617;;8617;;8617;;8617;;8617
;2233;;8636;;8636;;8636;;8636;;8636
;5454;;8650;;8650;;8650;;8650;;8650
;6303;;8651;;8651;;8651;;8651;;8651
;6634;;8651;;8651;;8651;;8651;;8651
;6303;;8662;;8662;;8662;;8662;;8662
;4256;;8678;;8678;;8678;;8678;;8678
;148;;8683;;8683;;8683;;8683;;8683
;1124;;8685;;8685;;8685;;8685;;8685
;2317;;8689;;8689;;8689;;8689;;8689
;4213;;8692;;8692;;8692;;8692;;8692
;7109;;8696;;8696;;8696;;8696;;8696
;4028;;8703;;8703;;8703;;8703;;8703
;9200;;8704;;8704;;8704;;8704;;8704
;1080;;8712;;8712;;8712;;8712;;8712
;1318;;8716;;8716;;8716;;8716;;8716
;6858;;8723;;8723;;8723;;8723;;8723
;4050;;8745;;8745;;8745;;8745;;8745
;4155;;8756;;8756;;8756;;8756;;8756
;1361;;8759;;8759;;8759;;8759;;8759
;5264;;8762;;8762;;8762;;8762;;8762
;1903;;8786;;8786;;8786;;8786;;8786
;3676;;8787;;8787;;8787;;8787;;8787
;9643;;8823;;8823;;8823;;8823;;8823
;6909;;8869;;8869;;8869;;8869;;8869
;4902;;8875;;8875;;8875;;8875;;8875
;3561;;8896;;8896;;8896;;8896;;8896
;8489;;8909;;8909;;8909;;8909;;8909
;4948;;8932;;8932;;8932;;8932;;8932
;1282;;8935;;8935;;8935;;8935;;8935
;3653;;8942;;8942;;8942;;8942;;8942
;674;;8958;;8958;;8958;;8958;;8958
;2220;;9008;;9008;;9008;;9008;;9008
;5402;;9010;;9010;;9010;;9010;;9010
;6923;;9010;;9010;;9010;;9010;;9010
;3831;;9011;;9011;;9011;;9011;;9011
;9369;;9037;;9037;;9037;;9037;;9037
;3878;;9040;;9040;;9040;;9040;;9040
;259;;9072;;9072;;9072;;9072;;9072
;9008;;9090;;9090;;9090;;9090;;9090
;2619;;9141;;9141;;9141;;9141;;9141
;3971;;9156;;9156;;9156;;9156;;9156
;3;;9161;;9161;;9161;;9161;;9161
;1945;;9168;;9168;;9168;;9168;;9168
;9781;;9169;;9169;;9169;;9169;;9169
;6504;;9170;;9170;;9170;;9170;;9170
;2392;;9174;;9174;;9174;;9174;;9174
;2685;;9187;;9187;;9187;;9187;;9187
;5313;;9200;;9200;;9200;;9200;;9200
;6698;;9213;;9213;;9213;;9213;;9213
;5589;;9232;;9232;;9232;;9232;;9232
;2722;;9264;;9264;;9264;;9264;;9264
;5938;;9288;;9288;;9288;;9288;;9288
;9037;;9292;;9292;;9292;;9292;;9292
;6410;;9313;;9313;;9313;;9313;;9313
;1461;;9314;;9314;;9314;;9314;;9314
;6234;;9314;;9314;;9314;;9314;;9314
;2508;;9314;;9314;;9314;;9314;;9314
;9961;;9334;;9334;;9334;;9334;;9334
;3959;;9337;;9337;;9337;;9337;;9337
;6493;;9350;;9350;;9350;;9350;;9350
;1515;;9353;;9353;;9353;;9353;;9353
;5269;;9357;;9357;;9357;;9357;;9357
;4937;;9357;;9357;;9357;;9357;;9357
;8869;;9358;;9358;;9358;;9358;;9358
;58;;9361;;9361;;9361;;9361;;9361
;4700;;9369;;9369;;9369;;9369;;9369
;3971;;9374;;9374;;9374;;9374;;9374
;6264;;9375;;9375;;9375;;9375;;9375
;5117;;9405;;9405;;9405;;9405;;9405
;6215;;9496;;9496;;9496;;9496;;9496
;4555;;9497;;9497;;9497;;9497;;9497
;7815;;9503;;9503;;9503;;9503;;9503
;8330;;9510;;9510;;9510;;9510;;9510
;3039;;9512;;9512;;9512;;9512;;9512
;212;;9514;;9514;;9514;;9514;;9514
;9288;;9515;;9515;;9515;;9515;;9515
;8082;;9541;;9541;;9541;;9541;;9541
;1954;;9556;;9556;;9556;;9556;;9556
;6085;;9558;;9558;;9558;;9558;;9558
;710;;9565;;9565;;9565;;9565;;9565
;4484;;9576;;9576;;9576;;9576;;9576
;4774;;9577;;9577;;9577;;9577;;9577
;8380;;9589;;9589;;9589;;9589;;9589
;9815;;9601;;9601;;9601;;9601;;9601
;5951;;9617;;9617;;9617;;9617;;9617
;6541;;9629;;9629;;9629;;9629;;9629
;8115;;9643;;9643;;9643;;9643;;9643
;1679;;9657;;9657;;9657;;9657;;9657
;7110;;9658;;9658;;9658;;9658;;9658
;5898;;9668;;9668;;9668;;9668;;9668
;3073;;9676;;9676;;9676;;9676;;9676
;788;;9690;;9690;;9690;;9690;;9690
;3977;;9711;;9711;;9711;;9711;;9711
;8132;;9718;;9718;;9718;;9718;;9718
;9956;;9734;;9734;;9734;;9734;;9734
;8689;;9741;;9741;;9741;;9741;;9741
;6113;;9758;;9758;;9758;;9758;;9758
;8;;9763;;9763;;9763;;9763;;9763
;2941;;9781;;9781;;9781;;9781;;9781
;5790;;9789;;9789;;9789;;9789;;9789
;1723;;9790;;9790;;9790;;9790;;9790
;1363;;9796;;9796;;9796;;9796;;9796
;28;;9801;;9801;;9801;;9801;;9801
;5184;;9812;;9812;;9812;;9812;;9812
;4778;;9815;;9815;;9815;;9815;;9815
;7200;;9815;;9815;;9815;;9815;;9815
;5071;;9832;;9832;;9832;;9832;;9832
;1885;;9853;;9853;;9853;;9853;;9853
;1974;;9855;;9855;;9855;;9855;;9855
;1071;;9855;;9855;;9855;;9855;;9855
;1333;;9866;;9866;;9866;;9866;;9866
;2867;;9869;;9869;;9869;;9869;;9869
;6153;;9894;;9894;;9894;;9894;;9894
;4295;;9895;;9895;;9895;;9895;;9895
;2168;;9901;;9901;;9901;;9901;;9901
;825;;9905;;9905;;9905;;9905;;9905
;9676;;9912;;9912;;9912;;9912;;9912
;5629;;9923;;9923;;9923;;9923;;9923
;8650;;9930;;9930;;9930;;9930;;9930
;2598;;9954;;9954;;9954;;9954;;9954
;3309;;9954;;9954;;9954;;9954;;9954
;4693;;9956;;9956;;9956;;9956;;9956
;4686;;9961;;9961;;9961;;9961;;9961
;80;;9961;;9961;;9961;;9961;;9961
;116;;9972;;9972;;9972;;9972;;9972
;2249;;9976;;9976;;9976;;9976;;9976
